,id,ra,dec
0,Capella,79.17206517,45.99902927
1,Elnath,81.5729612528,28.607451327800003
