,id,ra,dec
0,Capella,79.17206517,45.99902927
1,Haedus,76.6287207005,41.2344780897
2,lam Aur,79.7853128923,40.0990491644
3,sig Aur,81.1630966377,37.3853520058
