,id,ra,dec
0,Deneb,310.3579737346,45.2803382589
1,ksi Cyg,316.2327554735,43.9278608822
2,rho Cyg,323.4952147986,45.5918349402
