,id,ra,dec
0,Dubhe,165.9319410362,61.7510258449
1,Megrez,183.8564877874,57.0326201342
2,70 UMa,185.2120314156,57.8641177812
