,id,ra,dec
0,Sirius,101.28854105,-16.71314306
