,id,ra,dec
0,Rigel,78.6344581142,-8.2016434881
1,e Ori,80.9867789372,-7.8080591317
