,id,ra,dec
0,Pollux,116.328930599,28.026228487
1,Asellus Australis,131.1712413865,18.154312563
