,id,ra,dec
0,Sirius,101.28854105,-16.71314306
1,alf Mon,115.3118036376,-9.5511290813
