,id,ra,dec
0,Procyon,114.82724194,5.22750767
1,zet Mon,122.1485186884,-2.9837892758
