,id,ra,dec
0,Spica,201.2982352761,-11.1613207855
1,Vindemiatrix,195.5441554838,10.9591529109
2,rho Vir,190.4710684657,10.2356220155
