,id,ra,dec
0,Sirius,101.28854105,-16.71314306
1,the CMa,103.547491317,-12.038625237
