,id,ra,dec
0,Mizar,200.9847469954,54.9218466785
1,Alkaid,206.8851602315,49.3132520175
2,24 CVn,203.6135748356,49.0159770043
