,id,ra,dec
0,Caph,2.29452283,59.1497717294
