,id,ra,dec
0,Vindemiatrix,195.5441554838,10.959152910899999
1,Diadem,197.49812263,17.52911621
