,id,ra,dec
0,Nunki,283.8163506635,-26.296735622199996
1,Ascella,285.65287292799997,-29.8801102294
