,id,ra,dec
0,Nunki,283.8163506635,-26.2967356222
1,tau Sgr,286.7350486775,-27.6704204919
