,id,ra,dec
0,Sulafat,284.7359225029,32.6895541353
1,Albireo,292.6803633986,27.9596728136
2,2 Cyg,291.0315859158,29.6213351994
