,id,ra,dec
0,Vega,279.23410832,38.78299311
1,Sheliak,282.5199864025,33.3626727567
