,id,ra,dec
0,Spica,201.2982352761,-11.1613207855
1,Porrima,190.41667557,-1.44952231
2,Zaniah,184.9764882137,-0.6668075539
3,C Vir,185.0874280346,3.3125783728
