,id,ra,dec
0,Antares,247.3519107541,-26.4320037703
1,tau Sco,248.9706433684,-28.2160163536
2,Larawag,252.54268738,-34.29260982
