,id,ra,dec
0,Mizar,200.9814029548,54.9253528837
1,Alkaid,206.8851602315,49.3132520175
2,Cor Caroli,194.0069405115,38.3183842533
3,20 CVn,199.3855879478,40.5726067763
