,id,ra,dec
0,Regulus,152.0929692906,11.967210041
1,Chertan,168.5600182469,15.4295702169
2,n Leo,168.9662425038,13.3075715781
