,id,ra,dec
0,Procyon,114.82724194,5.22750767
1,Tarf,124.1288399532,9.1855445697
2,Asellus Australis,131.1712413865,18.154312563
3,Acubens,134.6217569258,11.8576967297
