,id,ra,dec
0,Spica,201.2982352761,-11.1613207855
1,Kraz,188.5968107238,-23.3967575175
