,id,ra,dec
0,Kaus Australis,276.042980632,-34.3846122408
