,id,ra,dec
0,Altair,297.6958310566,8.8683278032
1,Tarazed,296.5649077399,10.6132610422
2,gam Sge,299.6892774154,19.4921516633
