,id,ra,dec
0,Deneb Algedi,326.75952199,-16.12656595
1,the Cap,316.486785586,-17.2328621274
2,Albali,311.9189844736,-9.4957858678
