,id,ra,dec
0,Sadalsuud,322.8897219507,-5.5711783881
1,nu Aqr,317.3985332426,-11.3716902682
