,Name,RAJ2000,DEJ2000,text
0,-,77.6788148523,46.9620778121,null
1,-,281.09490428,39.61259465,hello pretty
2,-,201.6798769841,-12.7076594995,lady
