,name,ra,dec
0,-,6.350880963,1.939695835
1,-,0.456023505,-3.02751097
2,-,0.456023505,-3.02751097
